schema_version,status,error,video_key,flicker_score,severity_band,route,confidence,worst_segment_start,worst_segment_end,illuminant_score,rolling_band_score,awb_score,horizontal_coherence,valid_fraction,processing_time_seconds,detector_version
1.1,ok,,visionlab/visionlab/outbound/India_Ahmedabad_Mirana_AssemblyLine_001_031.mp4,0.5711700916290283,mild,review,0.3680854524884904,80.0,83.0,0.20062911431019237,0.9051942070325216,0.29192131503390767,0.3605124786303245,0.5649131944444444,45.167332709010225,0.2.0
1.1,ok,,visionlab/visionlab/outbound/India_Ahmedabad_Mirana_AssemblyLine_001_032.mp4,0.5833019614219666,mild,review,0.33342296736580973,239.50893333333335,242.50893333333335,0.30339559428857404,0.8572674751281738,0.3182476912518163,0.19516110626539354,0.56421875,51.164435792015865,0.2.0
1.1,ok,,visionlab/visionlab/outbound/India_Ahmedabad_Mirana_AssemblyLine_004_972.mp4,0.5599490404129028,mild,review,0.4001455988202775,80.0,83.0,0.3384469101804108,0.7669861634572347,0.3746093641272323,0.9288724887593585,0.5660069444444444,97.93952637500479,0.2.0
1.1,ok,,visionlab/visionlab/outbound/India_Ahmedabad_Mirana_AssemblyLine_001_034.mp4,0.5679628252983093,mild,review,0.37724907057625895,20.0,23.0,0.2717909505110135,0.8610678911209106,0.27945799202752825,0.20254229322055917,0.5655208333333334,101.49606312499964,0.2.0
1.1,ok,,visionlab/visionlab/outbound/India_Ahmedabad_Mirana_AssemblyLine_004_971.mp4,0.6390993595123291,mild,review,0.17400182996477387,20.0,23.0,0.26818995238167015,0.9773007869720459,0.34995988669571376,0.5747815821598329,0.5646701388888888,107.72659333300544,0.2.0
1.1,ok,,visionlab/visionlab/outbound/India_Ahmedabad_Mirana_AssemblyLine_001_021.mp4,0.5246984958648682,mild,review,0.4991385596139091,40.0,43.0,0.18686871602107827,0.8559658368428549,0.20327494663070944,0.9226717663185342,0.5660416666666667,114.95555462499033,0.2.0
1.1,ok,,visionlab/visionlab/outbound/India_Ahmedabad_Mirana_AssemblyLine_001_014.mp4,0.5265778303146362,mild,review,0.4954919133867535,140.0,143.0,0.22917727811623909,0.8202144900957743,0.23858695466387028,0.1812527872870997,0.5658506944444445,115.43853395900805,0.2.0
1.1,ok,,visionlab/visionlab/outbound/India_Ahmedabad_Mirana_AssemblyLine_001_006.mp4,0.5451659560203552,mild,review,0.44238298279898497,320.0,323.0,0.2740986128420676,0.8425148010253907,0.2083949767000511,0.9658940504043371,0.5653645833333333,116.93248162500095,0.2.0
1.1,ok,,visionlab/visionlab/outbound/India_Ahmedabad_Mirana_AssemblyLine_004_974.mp4,0.5940355062484741,mild,review,0.302755696432931,400.0,403.0,0.24758223151173953,0.9062933564186096,0.3330709055828123,0.13685736091568323,0.5652430555555555,95.12893841598998,0.2.0
1.1,ok,,visionlab/visionlab/outbound/India_Ahmedabad_Mirana_AssemblyLine_004_973.mp4,0.5599873065948486,mild,review,0.40003626687186095,340.0,343.0,0.2704525386848179,0.8258934378623962,0.32952402776339546,0.5052015222581759,0.5654166666666667,115.65794041700428,0.2.0
1.1,ok,,visionlab/visionlab/outbound/India_Ahmedabad_Mirana_AssemblyLine_004_975.mp4,0.5415242314338684,mild,review,0.4527879101889473,400.0,403.0,0.24601162255330186,0.826982033252716,0.27114850974494026,0.3288283232166072,0.5659027777777778,102.0303493750107,0.2.0
1.1,ok,,visionlab/visionlab/outbound/India_Ahmedabad_Mirana_AssemblyLine_004_976.mp4,0.5672802329063416,mild,review,0.37919933455330973,40.0,43.0,0.2380554618773577,0.8409789085388184,0.37687055852436235,0.9763134886705402,0.5661805555555556,105.81092854202143,0.2.0
1.1,ok,,visionlab/visionlab/outbound/India_Ahmedabad_Mirana_AssemblyLine_004_979.mp4,0.5570688247680664,mild,review,0.408374786376953,40.0,43.0,0.260079946439494,0.8492011745770772,0.27222129528511946,0.3511512086003212,0.5633680555555556,92.74214212500374,0.2.0
1.1,ok,,visionlab/visionlab/outbound/India_Ahmedabad_Mirana_AssemblyLine_004_977.mp4,0.5800144076347351,mild,review,0.342815978186471,280.0,283.0,0.1804011092575937,0.9146174867947896,0.34292671959245274,0.7024978514924217,0.5660590277777777,104.85251404199516,0.2.0
1.1,ok,,visionlab/visionlab/outbound/India_Ahmedabad_Mirana_AssemblyLine_004_978.mp4,0.6288677453994751,mild,review,0.20323501314435674,440.0,443.0,0.2158484325751087,0.9900722026824951,0.3453855072162939,0.16747032430428535,0.5648958333333334,99.64033291701344,0.2.0
1.1,ok,,visionlab/visionlab/outbound/India_Ahmedabad_Mirana_AssemblyLine_004_983.mp4,0.5041829347610474,mild,review,0.4405226707458497,40.0,43.0,0.115790012767742,0.8374751687049866,0.2535416531386951,0.12286636493702363,0.5655729166666666,104.67459429099108,0.2.0
1.1,ok,,visionlab/visionlab/outbound/India_Ahmedabad_Mirana_AssemblyLine_004_986.mp4,0.597115695476532,mild,review,0.2939551557813371,400.0,403.0,0.2789033748068467,0.9082535107930502,0.296589722884579,0.8096558132445827,0.5651909722222223,107.33872225001687,0.2.0
1.1,ok,,visionlab/visionlab/outbound/India_Ahmedabad_Mirana_AssemblyLine_004_988.mp4,0.5194562673568726,mild,review,0.4841607638767788,340.0,343.0,0.19272807731272218,0.8278707265853882,0.2385123858322578,0.9548812288020895,0.5651388888888889,113.05685304198414,0.2.0
1.1,ok,,visionlab/visionlab/outbound/India_Ahmedabad_Mirana_AssemblyLine_004_990.mp4,0.556955873966217,mild,review,0.40869750295366547,140.0,143.0,0.2321555671052814,0.8705833911895752,0.2600876740805332,0.45050375898423684,0.5655729166666666,100.74357862499892,0.2.0
1.1,ok,,visionlab/visionlab/outbound/India_Ahmedabad_Mirana_AssemblyLine_004_991.mp4,0.6109456419944763,mild,review,0.2544410228729247,400.0,403.0,0.36698607738313405,0.8495011925697327,0.38049617026558546,0.5920348131753375,0.5658159722222222,101.35197341698222,0.2.0
1.1,ok,,visionlab/visionlab/outbound/India_Ahmedabad_Mirana_AssemblyLine_004_995.mp4,0.5884292125701904,mild,review,0.3187736783708844,300.0,303.0,0.28916968070952354,0.8873110771179199,0.29011378008494376,0.9790042482012838,0.5656423611111111,98.59873349999543,0.2.0
1.1,ok,,visionlab/visionlab/outbound/India_Ahmedabad_Mirana_AssemblyLine_004_992.mp4,0.6212907433509827,mild,review,0.2248835904257637,300.0,303.0,0.3594832832715435,0.8752489805221557,0.37910635004043125,0.10351032530007348,0.5659027777777778,103.78431812502095,0.2.0
1.1,ok,,visionlab/visionlab/outbound/India_Ahmedabad_Mirana_AssemblyLine_004_997.mp4,0.5970257520675659,mild,review,0.2942121369498116,160.0,163.0,0.15161189568692926,0.9713995218276977,0.3292121074889191,0.8891942148104247,0.5648784722222222,95.61023229098646,0.2.0
1.1,ok,,visionlab/visionlab/outbound/India_Ahmedabad_Mirana_AssemblyLine_004_996.mp4,0.5246351361274719,mild,review,0.498957531792777,518.521,521.521,0.189496198244494,0.8382684409618377,0.2432603636016937,0.9830380754202515,0.5659027777777778,103.84866312501254,0.2.0
1.1,ok,,visionlab/visionlab/outbound/India_Ahmedabad_Mirana_AssemblyLine_004_998.mp4,0.5811002254486084,mild,review,0.33971364157540446,340.0,343.0,0.34851791790369835,0.8310039401054382,0.30521446693390325,0.9944941648606278,0.5653298611111112,85.7068592919968,0.2.0
